{
    "air": {
        "acceleration": 21.07000160217285,
        "braking": 20.58,
        "handling": 21.07000160217285,
        "speed": 109.7643
    },
    "land": {
        "acceleration": 0.82,
        "braking": 3.0,
        "handling": 1.20000004768371,
        "speed": 53.8669
    },
    "sea": {
        "acceleration": 18.0,
        "braking": 0.40000000596046,
        "handling": 18.38000106811523,
        "speed": 46.6667
    }
}