{
    "air": {
        "acceleration": 21.56,
        "braking": 22.417,
        "handling": 21.56,
        "speed": 109.7643
    },
    "land": {
        "acceleration": 0.82,
        "braking": 3.1,
        "handling": 1.20000004768371,
        "speed": 53.8674
    },
    "sea": {
        "acceleration": 18,
        "braking": 0.40000000596046,
        "handling": 18.38000106811523,
        "speed": 46.6667
    }
}